airportcode,airportname,airportstate,airportcity,airportlat,airportlon,airportservice
AMC,Mar de Cortes International Airport,MX-SON,Puerto Penasco,31.3516,-113.3059,http://services.faa.gov/airport/status/?format=application/xml
POM,Port Moresby Jacksons International Airport,PG-NCD,Port Moresby,-9.4434,147.22,http://services.faa.gov/airport/status/?format=application/xml
KEF,Keflavik International Airport,IS-2,Reykjavik,63.985,-22.6056,http://services.faa.gov/airport/status/?format=application/xml
PRN,Prishtina International Airport,KS-U-A,Prishtina,42.5728,21.0358,http://services.faa.gov/airport/status/?format=application/xml
YEG,Edmonton International Airport,CA-AB,Edmonton,53.3097,-113.58,http://services.faa.gov/airport/status/CYEG?format=application/xml
YHZ,Halifax / Stanfield International Airport,CA-NS,Halifax,44.8808,-63.5086,http://services.faa.gov/airport/status/?format=application/xml
YOW,Ottawa Macdonald-Cartier International Airport,CA-ON,Ottawa,45.3225,-75.6692,http://services.faa.gov/airport/status/YOW?format=application/xml
YQB,Quebec Jean Lesage International Airport,CA-QC,Quebec,46.7911,-71.3933,http://services.faa.gov/airport/status/YQB?format=application/xml
YUL,Montreal / Pierre Elliott Trudeau International Airport,CA-QC,Montreal,45.4706,-73.7408,http://services.faa.gov/airport/status/YUL?format=application/xml
YVR,Vancouver International Airport,CA-BC,Vancouver,49.1939,-123.184,http://services.faa.gov/airport/status/?format=application/xml
YWG,Winnipeg / James Armstrong Richardson International Airport,CA-MB,Winnipeg,49.91,-97.2399,http://services.faa.gov/airport/status/YWG?format=application/xml
YXU,London Airport,CA-ON,London,43.0356,-81.1539,http://services.faa.gov/airport/status/?format=application/xml
YYC,Calgary International Airport,CA-AB,Calgary,51.1139,-114.02,http://services.faa.gov/airport/status/?format=application/xml
YYJ,Victoria International Airport,CA-BC,Victoria,48.6469,-123.426,http://services.faa.gov/airport/status/?format=application/xml
YYZ,Lester B. Pearson International Airport,CA-ON,Toronto,43.6772,-79.6306,http://services.faa.gov/airport/status/YYZ?format=application/xml
ALG,Houari Boumediene Airport,DZ-35,Algiers,36.691,3.2154,http://services.faa.gov/airport/status/?format=application/xml
ACC,Kotoka International Airport,GH-AA,Accra,5.6052,-0.1668,http://services.faa.gov/airport/status/?format=application/xml
ABV,Nnamdi Azikiwe International Airport,NG-FC,Abuja,9.0068,7.2632,http://services.faa.gov/airport/status/?format=application/xml
LOS,Murtala Muhammed International Airport,NG-LA,Lagos,6.5774,3.3212,http://services.faa.gov/airport/status/?format=application/xml
TUN,Tunis Carthage International Airport,TN-11,Tunis,36.851,10.2272,http://services.faa.gov/airport/status/?format=application/xml
BRU,Brussels Airport,BE-BRU,Brussels,50.9014,4.4844,http://services.faa.gov/airport/status/?format=application/xml
LGG,Liege Airport,BE-WLG,Liege,50.6374,5.4432,http://services.faa.gov/airport/status/?format=application/xml
SXF,Berlin-Schoenefeld International Airport,DE-BR,Berlin,52.38,13.5225,http://services.faa.gov/airport/status/?format=application/xml
DRS,Dresden Airport,DE-SN,Dresden,51.1328,13.7672,http://services.faa.gov/airport/status/?format=application/xml
FRA,Frankfurt am Main International Airport,DE-HE,Frankfurt-am-Main,50.0264,8.5431,http://services.faa.gov/airport/status/?format=application/xml
FMO,Munster Osnabruck Airport,DE-NW,Munster,52.1346,7.6848,http://services.faa.gov/airport/status/?format=application/xml
HAM,Hamburg Airport,DE-HH,Hamburg,53.6304,9.9882,http://services.faa.gov/airport/status/?format=application/xml
CGN,Cologne Bonn Airport,DE-NW,Cologne,50.8659,7.1427,http://services.faa.gov/airport/status/?format=application/xml
DUS,Dusseldorf International Airport,DE-NW,Dusseldorf,51.2895,6.7668,http://services.faa.gov/airport/status/?format=application/xml
MUC,Munich International Airport,DE-BY,Munich,48.3538,11.7861,http://services.faa.gov/airport/status/?format=application/xml
NUE,Nuremberg Airport,DE-BY,Nuremberg,49.4987,11.0669,http://services.faa.gov/airport/status/?format=application/xml
LEJ,Leipzig Halle Airport,DE-SN,Leipzig,51.4324,12.2416,http://services.faa.gov/airport/status/?format=application/xml
STR,Stuttgart Airport,DE-BW,Stuttgart,48.6899,9.222,http://services.faa.gov/airport/status/?format=application/xml
TXL,Berlin-Tegel International Airport,DE-BE,Berlin,52.5597,13.2877,http://services.faa.gov/airport/status/?format=application/xml
HAJ,Hannover Airport,DE-NI,Hannover,52.4611,9.6851,http://services.faa.gov/airport/status/?format=application/xml
BRE,Bremen Airport,DE-HB,Bremen,53.0475,8.7867,http://services.faa.gov/airport/status/?format=application/xml
DTM,Dortmund Airport,DE-NW,Dortmund,51.5183,7.6122,http://services.faa.gov/airport/status/?format=application/xml
FKB,Karlsruhe Baden-Baden Airport,DE-BW,Baden-Baden,48.7794,8.0805,http://services.faa.gov/airport/status/?format=application/xml
TLL,Tallinn Airport,EE-37,Tallinn,59.4133,24.8328,http://services.faa.gov/airport/status/?format=application/xml
HEL,Helsinki Vantaa Airport,FI-ES,Helsinki,60.3172,24.9633,http://services.faa.gov/airport/status/?format=application/xml
BFS,Belfast International Airport,GB-NIR,Belfast,54.6575,-6.2158,http://services.faa.gov/airport/status/?format=application/xml
BHD,George Best Belfast City Airport,GB-NIR,Belfast,54.6181,-5.8725,http://services.faa.gov/airport/status/?format=application/xml
BHX,Birmingham International Airport,GB-ENG,Birmingham,52.4539,-1.748,http://services.faa.gov/airport/status/?format=application/xml
MAN,Manchester Airport,GB-ENG,Manchester,53.3537,-2.275,http://services.faa.gov/airport/status/?format=application/xml
DSA,Robin Hood Doncaster Sheffield Airport,GB-ENG,Doncaster,53.4747,-1.0044,http://services.faa.gov/airport/status/?format=application/xml
CWL,Cardiff International Airport,GB-WLS,Cardiff,51.3967,-3.3433,http://services.faa.gov/airport/status/?format=application/xml
BRS,Bristol International Airport,GB-ENG,Bristol,51.3827,-2.7191,http://services.faa.gov/airport/status/?format=application/xml
LPL,Liverpool John Lennon Airport,GB-ENG,Liverpool,53.3336,-2.8497,http://services.faa.gov/airport/status/?format=application/xml
LTN,London Luton Airport,GB-ENG,London,51.8747,-0.3683,http://services.faa.gov/airport/status/?format=application/xml
BOH,Bournemouth Airport,GB-ENG,Bournemouth,50.78,-1.8425,http://services.faa.gov/airport/status/?format=application/xml
SOU,Southampton Airport,GB-ENG,Southampton,50.9503,-1.3568,http://services.faa.gov/airport/status/?format=application/xml
LGW,London Gatwick Airport,GB-ENG,London,51.1481,-0.1903,http://services.faa.gov/airport/status/?format=application/xml
LCY,London City Airport,GB-ENG,London,51.5053,0.0553,http://services.faa.gov/airport/status/?format=application/xml
LHR,London Heathrow Airport,GB-ENG,London,51.4706,-0.4619,http://services.faa.gov/airport/status/?format=application/xml
LBA,Leeds Bradford Airport,GB-ENG,Leeds,53.8659,-1.6606,http://services.faa.gov/airport/status/?format=application/xml
NCL,Newcastle Airport,GB-ENG,Newcastle,55.0375,-1.6917,http://services.faa.gov/airport/status/?format=application/xml
EMA,East Midlands Airport,GB-ENG,Nottingham,52.8311,-1.3281,http://services.faa.gov/airport/status/?format=application/xml
ABZ,Aberdeen Dyce Airport,GB-SCT,Aberdeen,57.2019,-2.1978,http://services.faa.gov/airport/status/?format=application/xml
GLA,Glasgow International Airport,GB-SCT,Glasgow,55.8719,-4.4331,http://services.faa.gov/airport/status/?format=application/xml
EDI,Edinburgh Airport,GB-SCT,Edinburgh,55.95,-3.3725,http://services.faa.gov/airport/status/?format=application/xml
STN,London Stansted Airport,GB-ENG,London,51.885,0.235,http://services.faa.gov/airport/status/?format=application/xml
EXT,Exeter International Airport,GB-ENG,Exeter,50.7344,-3.4139,http://services.faa.gov/airport/status/?format=application/xml
LKZ,RAF Lakenheath,GB-ENG,Lakenheath,52.4093,0.561,http://services.faa.gov/airport/status/?format=application/xml
MHZ,RAF Mildenhall,GB-ENG,Mildenhall,52.3619,0.4864,http://services.faa.gov/airport/status/?format=application/xml
FFD,RAF Fairford,GB-ENG,Fairford,51.6822,-1.79,http://services.faa.gov/airport/status/?format=application/xml
BZZ,RAF Brize Norton,GB-ENG,Brize Norton,51.75,-1.5836,http://services.faa.gov/airport/status/?format=application/xml
AMS,Amsterdam Airport Schiphol,NL-NH,Amsterdam,52.3086,4.7639,http://services.faa.gov/airport/status/?format=application/xml
MST,Maastricht Aachen Airport,NL-LI,Maastricht,50.9117,5.7701,http://services.faa.gov/airport/status/?format=application/xml
EIN,Eindhoven Airport,NL-NB,Eindhoven,51.4501,5.3745,http://services.faa.gov/airport/status/?format=application/xml
ORK,Cork Airport,IE-C,Cork,51.8413,-8.4911,http://services.faa.gov/airport/status/?format=application/xml
DUB,Dublin Airport,IE-D,Dublin,53.4213,-6.2701,http://services.faa.gov/airport/status/?format=application/xml
SNN,Shannon Airport,IE-CE,Shannon,52.702,-8.9248,http://services.faa.gov/airport/status/?format=application/xml
BLL,Billund Airport,DK-83,Billund,55.7403,9.1518,http://services.faa.gov/airport/status/?format=application/xml
CPH,Copenhagen Kastrup Airport,DK-84,Copenhagen,55.6179,12.656,http://services.faa.gov/airport/status/?format=application/xml
AAL,Aalborg Airport,DK-81,Aalborg,57.0928,9.8492,http://services.faa.gov/airport/status/?format=application/xml
LUX,Luxembourg-Findel International Airport,LU-L,Luxembourg,49.6266,6.2115,http://services.faa.gov/airport/status/?format=application/xml
BOO,Bodo Airport,NO-18,Bodo,67.2692,14.3653,http://services.faa.gov/airport/status/?format=application/xml
BGO,Bergen Airport  Flesland,NO-12,Bergen,60.2934,5.2181,http://services.faa.gov/airport/status/?format=application/xml
OSL,Oslo Gardermoen Airport,NO-02,Oslo,60.1939,11.1004,http://services.faa.gov/airport/status/?format=application/xml
TOS,Tromso Airport,NO-19,Tromso,69.6833,18.9189,http://services.faa.gov/airport/status/?format=application/xml
TRD,Trondheim Airport  Vaernes,NO-17,Trondheim,63.4578,10.924,http://services.faa.gov/airport/status/?format=application/xml
SVG,Stavanger Airport  Sola,NO-11,Stavanger,58.8767,5.6378,http://services.faa.gov/airport/status/?format=application/xml
GDN,Gdansk Lech Walesa Airport,PL-PM,Gdansk,54.3776,18.4662,http://services.faa.gov/airport/status/?format=application/xml
KRK,John Paul II International Airport Krakow-Balice Airport,PL-MA,Krakow,50.0777,19.7848,http://services.faa.gov/airport/status/?format=application/xml
WAW,Warsaw Chopin Airport,PL-MZ,Warsaw,52.1657,20.9671,http://services.faa.gov/airport/status/?format=application/xml
GOT,Gothenburg-Landvetter Airport,SE-Q,Gothenburg,57.6628,12.2798,http://services.faa.gov/airport/status/?format=application/xml
MMX,Malmoe Sturup Airport,SE-M,Malmoe,55.5302,13.3716,http://services.faa.gov/airport/status/?format=application/xml
LLA,Lulea Airport,SE-BD,Lulea,65.5438,22.122,http://services.faa.gov/airport/status/?format=application/xml
ARN,Stockholm-Arlanda Airport,SE-AB,Stockholm,59.6519,17.9186,http://services.faa.gov/airport/status/?format=application/xml
RMS,Ramstein Air Base,DE-RP,Ramstein,49.4369,7.6003,http://services.faa.gov/airport/status/?format=application/xml
RIX,Riga International Airport,LV-RIX,Riga,56.9236,23.9711,http://services.faa.gov/airport/status/?format=application/xml
VNO,Vilnius International Airport,LT-VL,Vilnius,54.6341,25.2858,http://services.faa.gov/airport/status/?format=application/xml
CPT,Cape Town International Airport,ZA-WC,Cape Town,-33.9648,18.6017,http://services.faa.gov/airport/status/?format=application/xml
GRJ,George Airport,ZA-WC,George,-34.0056,22.3789,http://services.faa.gov/airport/status/?format=application/xml
JNB,OR Tambo International Airport,ZA-GT,Johannesburg,-26.1392,28.246,http://services.faa.gov/airport/status/?format=application/xml
LPA,Gran Canaria Airport,ES-CN,Gran Canaria Island,27.9319,-15.3866,http://services.faa.gov/airport/status/?format=application/xml
TFS,Tenerife South Airport,ES-CN,Tenerife Island,28.0445,-16.5725,http://services.faa.gov/airport/status/?format=application/xml
TFN,Tenerife Norte Airport,ES-CN,Tenerife Island,28.4827,-16.3415,http://services.faa.gov/airport/status/?format=application/xml
CMN,Mohammed V International Airport,MA-CAS,Casablanca,33.3675,-7.59,http://services.faa.gov/airport/status/?format=application/xml
DKR,Leopold Sedar Senghor International Airport,SN-DK,Dakar,14.7397,-17.4902,http://services.faa.gov/airport/status/?format=application/xml
CAI,Cairo International Airport,EG-C,Cairo,30.1219,31.4056,http://services.faa.gov/airport/status/?format=application/xml
HRG,Hurghada International Airport,EG-BA,Hurghada,27.1783,33.7994,http://services.faa.gov/airport/status/?format=application/xml
NBO,Jomo Kenyatta International Airport,KE-110,Nairobi,-1.3192,36.9278,http://services.faa.gov/airport/status/?format=application/xml
MBA,Mombasa Moi International Airport,KE-300,Mombasa,-4.0348,39.5942,http://services.faa.gov/airport/status/?format=application/xml
TIP,Tripoli International Airport,LY-TB,Tripoli,32.6635,13.159,http://services.faa.gov/airport/status/?format=application/xml
KRT,Khartoum International Airport,SD-03,Khartoum,15.5895,32.5532,http://services.faa.gov/airport/status/?format=application/xml
ABQ,Albuquerque International Sunport Airport,NM,Albuquerque,35.0402,-106.609,http://services.faa.gov/airport/status/ABQ?format=application/xml
AGS,Augusta Regional At Bush Field,GA,Augusta,33.3699,-81.9645,http://services.faa.gov/airport/status/AGS?format=application/xml
AMA,Rick Husband Amarillo International Airport,TX,Amarillo,35.2194,-101.706,http://services.faa.gov/airport/status/AMA?format=application/xml
ATL,Hartsfield Jackson Atlanta International Airport,GA,Atlanta,33.6367,-84.4281,http://services.faa.gov/airport/status/ATL?format=application/xml
AUS,Austin Bergstrom International Airport,TX,Austin,30.1945,-97.6699,http://services.faa.gov/airport/status/AUS?format=application/xml
AVL,Asheville Regional Airport,NC,Asheville,35.4362,-82.5418,http://services.faa.gov/airport/status/AVL?format=application/xml
BDL,Bradley International Airport,CT,Hartford,41.9389,-72.6832,http://services.faa.gov/airport/status/BDL?format=application/xml
BFI,Boeing Field King County International Airport,WA,Seattle,47.53,-122.302,http://services.faa.gov/airport/status/BFI?format=application/xml
BGR,Bangor International Airport,ME,Bangor,44.8074,-68.8281,http://services.faa.gov/airport/status/BGR?format=application/xml
BHM,Birmingham-Shuttlesworth International Airport,AL,Birmingham,33.5629,-86.7535,http://services.faa.gov/airport/status/BHM?format=application/xml
BIL,Billings Logan International Airport,MT,Billings,45.8077,-108.543,http://services.faa.gov/airport/status/BIL?format=application/xml
BMI,Central Illinois Regional Airport at Bloomington-Normal,IL,Bloomington-Normal,40.4771,-88.9159,http://services.faa.gov/airport/status/BMI?format=application/xml
BNA,Nashville International Airport,TN,Nashville,36.1245,-86.6782,http://services.faa.gov/airport/status/BNA?format=application/xml
BOI,Boise Air Terminal/Gowen field,ID,Boise,43.5644,-116.223,http://services.faa.gov/airport/status/BOI?format=application/xml
BOS,General Edward Lawrence Logan International Airport,MA,Boston,42.3643,-71.0052,http://services.faa.gov/airport/status/BOS?format=application/xml
BTR,Baton Rouge Metropolitan  Ryan Field,LA,Baton Rouge,30.5332,-91.1496,http://services.faa.gov/airport/status/BTR?format=application/xml
BUF,Buffalo Niagara International Airport,NY,Buffalo,42.9405,-78.7322,http://services.faa.gov/airport/status/BUF?format=application/xml
BWI,Baltimore/Washington International Thurgood Marshal Airport,MD,Baltimore,39.1754,-76.6683,http://services.faa.gov/airport/status/BWI?format=application/xml
CAE,Columbia Metropolitan Airport,SC,Columbia,33.9388,-81.1195,http://services.faa.gov/airport/status/CAE?format=application/xml
CHA,Lovell Field,TN,Chattanooga,35.0353,-85.2038,http://services.faa.gov/airport/status/CHA?format=application/xml
CHS,Charleston Air Force Base-International Airport,SC,Charleston,32.8986,-80.0405,http://services.faa.gov/airport/status/CHS?format=application/xml
CID,The Eastern Iowa Airport,IA,Cedar Rapids,41.8847,-91.7108,http://services.faa.gov/airport/status/CID?format=application/xml
CLE,Cleveland Hopkins International Airport,OH,Cleveland,41.4117,-81.8498,http://services.faa.gov/airport/status/CLE?format=application/xml
CLT,Charlotte Douglas International Airport,NC,Charlotte,35.214,-80.9431,http://services.faa.gov/airport/status/CLT?format=application/xml
CMH,Port Columbus International Airport,OH,Columbus,39.998,-82.8919,http://services.faa.gov/airport/status/CMH?format=application/xml
COS,City of Colorado Springs Municipal Airport,CO,Colorado Springs,38.8058,-104.701,http://services.faa.gov/airport/status/COS?format=application/xml
CPR,Casper-Natrona County International Airport,WY,Casper,42.908,-106.464,http://services.faa.gov/airport/status/CPR?format=application/xml
CRP,Corpus Christi International Airport,TX,Corpus Christi,27.7704,-97.5012,http://services.faa.gov/airport/status/CRP?format=application/xml
CRW,Yeager Airport,WV,Charleston,38.3731,-81.5932,http://services.faa.gov/airport/status/CRW?format=application/xml
CVG,Cincinnati Northern Kentucky International Airport,KY,Cincinnati,39.0488,-84.6678,http://services.faa.gov/airport/status/CVG?format=application/xml
DAL,Dallas Love Field,TX,Dallas,32.8471,-96.8518,http://services.faa.gov/airport/status/DAL?format=application/xml
DAY,James M Cox Dayton International Airport,OH,Dayton,39.9024,-84.2194,http://services.faa.gov/airport/status/DAY?format=application/xml
DBQ,Dubuque Regional Airport,IA,Dubuque,42.402,-90.7095,http://services.faa.gov/airport/status/DBQ?format=application/xml
DCA,Ronald Reagan Washington National Airport,DC,Washington,38.8521,-77.0377,http://services.faa.gov/airport/status/DCA?format=application/xml
DEN,Denver International Airport,CO,Denver,39.8617,-104.673,http://services.faa.gov/airport/status/DEN?format=application/xml
DFW,Dallas Fort Worth International Airport,TX,Dallas-Fort Worth,32.8968,-97.038,http://services.faa.gov/airport/status/DFW?format=application/xml
DLH,Duluth International Airport,MN,Duluth,46.8421,-92.1936,http://services.faa.gov/airport/status/DLH?format=application/xml
DSM,Des Moines International Airport,IA,Des Moines,41.534,-93.6631,http://services.faa.gov/airport/status/DSM?format=application/xml
DTW,Detroit Metropolitan Wayne County Airport,MI,Detroit,42.2124,-83.3534,http://services.faa.gov/airport/status/DTW?format=application/xml
ERI,Erie International Tom Ridge Field,PA,Erie,42.082,-80.1762,http://services.faa.gov/airport/status/ERI?format=application/xml
EWR,Newark Liberty International Airport,NJ,Newark,40.6925,-74.1687,http://services.faa.gov/airport/status/EWR?format=application/xml
FLL,Fort Lauderdale Hollywood International Airport,FL,Fort Lauderdale,26.0726,-80.1527,http://services.faa.gov/airport/status/FLL?format=application/xml
FSM,Fort Smith Regional Airport,AR,Fort Smith,35.3366,-94.3674,http://services.faa.gov/airport/status/FSM?format=application/xml
FTW,Fort Worth Meacham International Airport,TX,Fort Worth,32.8198,-97.3624,http://services.faa.gov/airport/status/FTW?format=application/xml
FWA,Fort Wayne International Airport,IN,Fort Wayne,40.9785,-85.1951,http://services.faa.gov/airport/status/FWA?format=application/xml
GEG,Spokane International Airport,WA,Spokane,47.6199,-117.534,http://services.faa.gov/airport/status/GEG?format=application/xml
GPT,Gulfport Biloxi International Airport,MS,Gulfport,30.4073,-89.0701,http://services.faa.gov/airport/status/GPT?format=application/xml
GRB,Austin Straubel International Airport,WI,Green Bay,44.4851,-88.1296,http://services.faa.gov/airport/status/GRB?format=application/xml
GSO,Piedmont Triad International Airport,NC,Greensboro,36.0978,-79.9373,http://services.faa.gov/airport/status/GSO?format=application/xml
GSP,Greenville Spartanburg International Airport,SC,Greenville,34.8957,-82.2189,http://services.faa.gov/airport/status/GSP?format=application/xml
HIB,Chisholm Hibbing Airport,MN,Hibbing,47.3866,-92.839,http://services.faa.gov/airport/status/HIB?format=application/xml
HOU,William P Hobby Airport,TX,Houston,29.6454,-95.2789,http://services.faa.gov/airport/status/HOU?format=application/xml
HSV,Huntsville International Carl T Jones Field,AL,Huntsville,34.6372,-86.7751,http://services.faa.gov/airport/status/HSV?format=application/xml
HTS,Tri-State/Milton J. Ferguson Field,WV,Huntington,38.3667,-82.558,http://services.faa.gov/airport/status/HTS?format=application/xml
IAD,Washington Dulles International Airport,DC,Washington,38.9445,-77.4558,http://services.faa.gov/airport/status/IAD?format=application/xml
IAH,George Bush Intercontinental Houston Airport,TX,Houston,29.9844,-95.3414,http://services.faa.gov/airport/status/IAH?format=application/xml
ICT,Wichita Mid Continent Airport,KS,Wichita,37.6499,-97.4331,http://services.faa.gov/airport/status/ICT?format=application/xml
IND,Indianapolis International Airport,IN,Indianapolis,39.7173,-86.2944,http://services.faa.gov/airport/status/IND?format=application/xml
JAN,Jackson Evers International Airport,MS,Jackson,32.3112,-90.0759,http://services.faa.gov/airport/status/JAN?format=application/xml
JAX,Jacksonville International Airport,FL,Jacksonville,30.4941,-81.6879,http://services.faa.gov/airport/status/JAX?format=application/xml
JFK,John F Kennedy International Airport,NY,New York,40.6398,-73.7789,http://services.faa.gov/airport/status/JFK?format=application/xml
JLN,Joplin Regional Airport,MO,Joplin,37.1518,-94.4983,http://services.faa.gov/airport/status/JLN?format=application/xml
LAS,McCarran International Airport,NV,Las Vegas,36.0801,-115.152,http://services.faa.gov/airport/status/LAS?format=application/xml
LAX,Los Angeles International Airport,CA,Los Angeles,33.9425,-118.408,http://services.faa.gov/airport/status/LAX?format=application/xml
LBB,Lubbock Preston Smith International Airport,TX,Lubbock,33.6636,-101.823,http://services.faa.gov/airport/status/LBB?format=application/xml
LEX,Blue Grass Airport,KY,Lexington,38.0365,-84.6059,http://services.faa.gov/airport/status/LEX?format=application/xml
LFT,Lafayette Regional Airport,LA,Lafayette,30.2053,-91.9876,http://services.faa.gov/airport/status/LFT?format=application/xml
LGA,La Guardia Airport,NY,New York,40.7772,-73.8726,http://services.faa.gov/airport/status/LGA?format=application/xml
LIT,Adams Field,AR,Little Rock,34.7294,-92.2243,http://services.faa.gov/airport/status/LIT?format=application/xml
MBS,MBS International Airport,MI,Saginaw,43.5329,-84.0796,http://services.faa.gov/airport/status/MBS?format=application/xml
MCI,Kansas City International Airport,MO,Kansas City,39.2976,-94.7139,http://services.faa.gov/airport/status/MCI?format=application/xml
MCO,Orlando International Airport,FL,Orlando,28.4294,-81.309,http://services.faa.gov/airport/status/MCO?format=application/xml
MDW,Chicago Midway International Airport,IL,Chicago,41.786,-87.7524,http://services.faa.gov/airport/status/MDW?format=application/xml
MEM,Memphis International Airport,TN,Memphis,35.0424,-89.9767,http://services.faa.gov/airport/status/MEM?format=application/xml
MGM,Montgomery Regional (Dannelly Field) Airport,AL,Montgomery,32.3006,-86.394,http://services.faa.gov/airport/status/MGM?format=application/xml
MHT,Manchester Airport,NH,Manchester,42.9326,-71.4357,http://services.faa.gov/airport/status/MHT?format=application/xml
MIA,Miami International Airport,FL,Miami,25.7932,-80.2906,http://services.faa.gov/airport/status/MIA?format=application/xml
MKE,General Mitchell International Airport,WI,Milwaukee,42.9472,-87.8966,http://services.faa.gov/airport/status/MKE?format=application/xml
MLI,Quad City International Airport,IL,Moline,41.4485,-90.5075,http://services.faa.gov/airport/status/MLI?format=application/xml
MLU,Monroe Regional Airport,LA,Monroe,32.5109,-92.0377,http://services.faa.gov/airport/status/MLU?format=application/xml
MOB,Mobile Regional Airport,AL,Mobile,30.6912,-88.2428,http://services.faa.gov/airport/status/MOB?format=application/xml
MSN,Dane County Regional Truax Field,WI,Madison,43.1399,-89.3375,http://services.faa.gov/airport/status/MSN?format=application/xml
MSP,Minneapolis-St Paul International/Wold-Chamberlain Airport,MN,Minneapolis,44.882,-93.2218,http://services.faa.gov/airport/status/MSP?format=application/xml
MSY,Louis Armstrong New Orleans International Airport,LA,New Orleans,29.9934,-90.258,http://services.faa.gov/airport/status/MSY?format=application/xml
MYR,Myrtle Beach International Airport,SC,Myrtle Beach,33.6797,-78.9283,http://services.faa.gov/airport/status/MYR?format=application/xml
OAK,Metropolitan Oakland International Airport,CA,Oakland,37.7213,-122.221,http://services.faa.gov/airport/status/OAK?format=application/xml
OKC,Will Rogers World Airport,OK,Oklahoma City,35.3931,-97.6007,http://services.faa.gov/airport/status/OKC?format=application/xml
ONT,Ontario International Airport,CA,Ontario,34.056,-117.601,http://services.faa.gov/airport/status/ONT?format=application/xml
ORD,Chicago O'Hare International Airport,IL,Chicago,41.9786,-87.9048,http://services.faa.gov/airport/status/ORD?format=application/xml
ORF,Norfolk International Airport,VA,Norfolk,36.8946,-76.2012,http://services.faa.gov/airport/status/ORF?format=application/xml
PBI,Palm Beach International Airport,FL,West Palm Beach,26.6832,-80.0956,http://services.faa.gov/airport/status/PBI?format=application/xml
PDX,Portland International Airport,OR,Portland,45.5887,-122.598,http://services.faa.gov/airport/status/PDX?format=application/xml
PHF,Newport News Williamsburg International Airport,VA,Newport News,37.1319,-76.493,http://services.faa.gov/airport/status/PHF?format=application/xml
PHL,Philadelphia International Airport,PA,Philadelphia,39.8719,-75.2411,http://services.faa.gov/airport/status/PHL?format=application/xml
PHX,Phoenix Sky Harbor International Airport,AZ,Phoenix,33.4343,-112.012,http://services.faa.gov/airport/status/PHX?format=application/xml
PIA,Greater Peoria Regional Airport,IL,Peoria,40.6642,-89.6933,http://services.faa.gov/airport/status/PIA?format=application/xml
PIT,Pittsburgh International Airport,PA,Pittsburgh,40.4915,-80.2329,http://services.faa.gov/airport/status/PIT?format=application/xml
PWM,Portland International Jetport Airport,ME,Portland,43.6462,-70.3093,http://services.faa.gov/airport/status/PWM?format=application/xml
RDU,Raleigh Durham International Airport,NC,Raleigh/Durham,35.8776,-78.7875,http://services.faa.gov/airport/status/RDU?format=application/xml
RFD,Chicago Rockford International Airport,IL,Chicago/Rockford,42.1954,-89.0972,http://services.faa.gov/airport/status/RFD?format=application/xml
RIC,Richmond International Airport,VA,Richmond,37.5052,-77.3197,http://services.faa.gov/airport/status/RIC?format=application/xml
RNO,Reno Tahoe International Airport,NV,Reno,39.4991,-119.768,http://services.faa.gov/airport/status/RNO?format=application/xml
ROA,Roanoke Regional Woodrum Field,VA,Roanoke,37.3255,-79.9754,http://services.faa.gov/airport/status/ROA?format=application/xml
ROC,Greater Rochester International Airport,NY,Rochester,43.1189,-77.6724,http://services.faa.gov/airport/status/ROC?format=application/xml
RST,Rochester International Airport,MN,Rochester,43.9083,-92.5,http://services.faa.gov/airport/status/RST?format=application/xml
RSW,Southwest Florida International Airport,FL,Fort Myers,26.5362,-81.7552,http://services.faa.gov/airport/status/RSW?format=application/xml
SAN,San Diego International Airport,CA,San Diego,32.7336,-117.19,http://services.faa.gov/airport/status/SAN?format=application/xml
SAT,San Antonio International Airport,TX,San Antonio,29.5337,-98.4698,http://services.faa.gov/airport/status/SAT?format=application/xml
SAV,Savannah Hilton Head International Airport,GA,Savannah,32.1276,-81.2021,http://services.faa.gov/airport/status/SAV?format=application/xml
SBN,South Bend Regional Airport,IN,South Bend,41.7087,-86.3173,http://services.faa.gov/airport/status/SBN?format=application/xml
SDF,Louisville International Standiford Field,KY,Louisville,38.1744,-85.736,http://services.faa.gov/airport/status/SDF?format=application/xml
SEA,Seattle Tacoma International Airport,WA,Seattle,47.449,-122.309,http://services.faa.gov/airport/status/SEA?format=application/xml
SFB,Orlando Sanford International Airport,FL,Orlando,28.7776,-81.2375,http://services.faa.gov/airport/status/SFB?format=application/xml
SFO,San Francisco International Airport,CA,San Francisco,37.619,-122.375,http://services.faa.gov/airport/status/SFO?format=application/xml
SGF,Springfield Branson National Airport,MO,Springfield,37.2457,-93.3886,http://services.faa.gov/airport/status/SGF?format=application/xml
SHV,Shreveport Regional Airport,LA,Shreveport,32.4466,-93.8256,http://services.faa.gov/airport/status/SHV?format=application/xml
SJC,Norman Y. Mineta San Jose International Airport,CA,San Jose,37.3626,-121.929,http://services.faa.gov/airport/status/SJC?format=application/xml
SLC,Salt Lake City International Airport,UT,Salt Lake City,40.7884,-111.978,http://services.faa.gov/airport/status/SLC?format=application/xml
SMF,Sacramento International Airport,CA,Sacramento,38.6954,-121.591,http://services.faa.gov/airport/status/SMF?format=application/xml
SNA,John Wayne Airport-Orange County Airport,CA,Santa Ana,33.6757,-117.868,http://services.faa.gov/airport/status/SNA?format=application/xml
SPI,Abraham Lincoln Capital Airport,IL,Springfield,39.8441,-89.6779,http://services.faa.gov/airport/status/SPI?format=application/xml
SPS,Sheppard Air Force Base-Wichita Falls Municipal Airport,TX,Wichita Falls,33.9888,-98.4919,http://services.faa.gov/airport/status/SPS?format=application/xml
SRQ,Sarasota Bradenton International Airport,FL,Sarasota/Bradenton,27.3954,-82.5544,http://services.faa.gov/airport/status/SRQ?format=application/xml
STL,Lambert St Louis International Airport,MO,St Louis,38.7487,-90.37,http://services.faa.gov/airport/status/STL?format=application/xml
SUX,Sioux Gateway Col. Bud Day Field,IA,Sioux City,42.4026,-96.3844,http://services.faa.gov/airport/status/SUX?format=application/xml
SYR,Syracuse Hancock International Airport,NY,Syracuse,43.1112,-76.1063,http://services.faa.gov/airport/status/SYR?format=application/xml
TLH,Tallahassee Regional Airport,FL,Tallahassee,30.3965,-84.3503,http://services.faa.gov/airport/status/TLH?format=application/xml
TOL,Toledo Express Airport,OH,Toledo,41.5868,-83.8078,http://services.faa.gov/airport/status/TOL?format=application/xml
TPA,Tampa International Airport,FL,Tampa,27.9755,-82.5332,http://services.faa.gov/airport/status/TPA?format=application/xml
TRI,Tri Cities Regional Tn Va Airport,TN,Bristol/Johnson/Kingsport,36.4752,-82.4074,http://services.faa.gov/airport/status/TRI?format=application/xml
TUL,Tulsa International Airport,OK,Tulsa,36.1984,-95.8881,http://services.faa.gov/airport/status/TUL?format=application/xml
TUS,Tucson International Airport,AZ,Tucson,32.1161,-110.941,http://services.faa.gov/airport/status/TUS?format=application/xml
TYS,McGhee Tyson Airport,TN,Knoxville,35.811,-83.994,http://services.faa.gov/airport/status/TYS?format=application/xml
VPS,Eglin Air Force Base,FL,Valparaiso,30.4832,-86.5254,http://services.faa.gov/airport/status/VPS?format=application/xml
TIA,Tirana International Airport Mother Teresa,AL-TR,Tirana,41.4147,19.7206,http://services.faa.gov/airport/status/?format=application/xml
BOJ,Burgas Airport,BG-02,Burgas,42.5696,27.5152,http://services.faa.gov/airport/status/?format=application/xml
PDV,Plovdiv International Airport,BG-16,Plovdiv,42.0678,24.8508,http://services.faa.gov/airport/status/?format=application/xml
SOF,Sofia Airport,BG-23,Sofia,42.6967,23.4114,http://services.faa.gov/airport/status/?format=application/xml
VAR,Varna Airport,BG-03,Varna,43.2321,27.8251,http://services.faa.gov/airport/status/?format=application/xml
LCA,Larnaca International Airport,CY-04,Larnarca,34.8751,33.6249,http://services.faa.gov/airport/status/?format=application/xml
PFO,Paphos International Airport,CY-06,Paphos,34.718,32.4857,http://services.faa.gov/airport/status/?format=application/xml
ZAG,Zagreb Airport,HR-21,Zagreb,45.7429,16.0688,http://services.faa.gov/airport/status/?format=application/xml
ALC,Alicante International Airport,ES-V,Alicante,38.2822,-0.5582,http://services.faa.gov/airport/status/?format=application/xml
BCN,Barcelona International Airport,ES-CT,Barcelona,41.2971,2.0785,http://services.faa.gov/airport/status/?format=application/xml
MAD,Madrid Barajas International Airport,ES-M,Madrid,40.4936,-3.5668,http://services.faa.gov/airport/status/?format=application/xml
AGP,Malaga Airport,ES-AN,Malaga,36.6749,-4.4991,http://services.faa.gov/airport/status/?format=application/xml
PMI,Palma De Mallorca Airport,ES-PM,Palma De Mallorca,39.5517,2.7388,http://services.faa.gov/airport/status/?format=application/xml
SCQ,Santiago de Compostela Airport,ES-GA,Santiago de Compostela,42.8963,-8.4151,http://services.faa.gov/airport/status/?format=application/xml
BOD,Bordeaux-Merignac (BA 106) Airport,FR-B,Bordeaux/Merignac,44.8283,-0.7156,http://services.faa.gov/airport/status/?format=application/xml
TLS,Toulouse-Blagnac Airport,FR-N,Toulouse/Blagnac,43.6291,1.3638,http://services.faa.gov/airport/status/?format=application/xml
BVE,Brive-La Roche Airport,FR-L,Brive-la-Gaillarde,45.1508,1.4692,http://services.faa.gov/airport/status/?format=application/xml
MRS,Marseille Provence Airport,FR-U,Marseille,43.4356,5.2136,http://services.faa.gov/airport/status/?format=application/xml
NCE,Nice-Cote d'Azur Airport,FR-U,Nice,43.6584,7.2159,http://services.faa.gov/airport/status/?format=application/xml
TUF,Tours-Val-de-Loire Airport,FR-F,Tours/Val de Loire (Loire Valley),47.4322,0.7276,http://services.faa.gov/airport/status/?format=application/xml
CDG,Charles de Gaulle International Airport,FR-J,Paris,49.0128,2.55,http://services.faa.gov/airport/status/?format=application/xml
ORY,Paris-Orly Airport,FR-J,Paris,48.7253,2.3594,http://services.faa.gov/airport/status/?format=application/xml
ATH,Eleftherios Venizelos International Airport,GR-A1,Athens,37.9364,23.9445,http://services.faa.gov/airport/status/?format=application/xml
HER,Heraklion International Nikos Kazantzakis Airport,GR-91,Heraklion,35.3397,25.1803,http://services.faa.gov/airport/status/?format=application/xml
SKG,Thessaloniki Macedonia International Airport,GR-54,Thessaloniki,40.5197,22.9709,http://services.faa.gov/airport/status/?format=application/xml
BUD,Budapest Ferihegy International Airport,HU-PE,Budapest,47.4369,19.2556,http://services.faa.gov/airport/status/?format=application/xml
BRI,Bari / Palese International Airport,IT-75,Bari,41.1389,16.7606,http://services.faa.gov/airport/status/?format=application/xml
CTA,Catania / Fontanarossa Airport,IT-82,Catania,37.4668,15.0664,http://services.faa.gov/airport/status/?format=application/xml
PMO,Palermo / Punta Raisi Airport,IT-82,Palermo,38.176,13.091,http://services.faa.gov/airport/status/?format=application/xml
CAG,Cagliari / Elmas Airport,IT-88,Cagliari,39.2515,9.0543,http://services.faa.gov/airport/status/?format=application/xml
MXP,Malpensa International Airport,IT-25,Milan,45.6306,8.7281,http://services.faa.gov/airport/status/?format=application/xml
BGY,Bergamo / Orio Al Serio Airport,IT-25,Bergamo,45.6739,9.7042,http://services.faa.gov/airport/status/?format=application/xml
TRN,Torino / Caselle International Airport,IT-21,Torino,45.2008,7.6496,http://services.faa.gov/airport/status/?format=application/xml
GOA,Genova / Sestri Cristoforo Colombo Airport,IT-42,Genova,44.4133,8.8375,http://services.faa.gov/airport/status/?format=application/xml
LIN,Linate Airport,IT-25,Milan,45.4451,9.2767,http://services.faa.gov/airport/status/?format=application/xml
BLQ,Bologna / Borgo Panigale Airport,IT-45,Bologna,44.5354,11.2887,http://services.faa.gov/airport/status/?format=application/xml
TSF,Treviso / Sant'Angelo Airport,IT-34,Treviso,45.6484,12.1944,http://services.faa.gov/airport/status/?format=application/xml
VRN,Verona / Villafranca Airport,IT-34,Verona,45.3957,10.8885,http://services.faa.gov/airport/status/?format=application/xml
VCE,Venezia / Tessera -  Marco Polo Airport,IT-34,Venezia,45.5053,12.3519,http://services.faa.gov/airport/status/?format=application/xml
CIA,Ciampino Airport,IT-62,Roma,41.7994,12.5949,http://services.faa.gov/airport/status/?format=application/xml
FCO,Leonardo Da Vinci (Fiumicino) International Airport,IT-62,Rome,41.8045,12.2508,http://services.faa.gov/airport/status/?format=application/xml
NAP,Napoli / Capodichino International Airport,IT-72,Napoli,40.886,14.2908,http://services.faa.gov/airport/status/?format=application/xml
PSA,Pisa / San Giusto - Galileo Galilei International Airport,IT-52,Pisa,43.6839,10.3927,http://services.faa.gov/airport/status/?format=application/xml
LJU,Ljubljana Joze Pucnik Airport,SI-061,Ljubljana,46.2237,14.4576,http://services.faa.gov/airport/status/?format=application/xml
PRG,VÃ clav Havel Airport Prague,CZ-PR,Prague,50.1008,14.26,http://services.faa.gov/airport/status/?format=application/xml
TLV,Ben Gurion International Airport,IL-M,Tel Aviv,32.0114,34.8867,http://services.faa.gov/airport/status/?format=application/xml
VDA,Ovda International Airport,IL-D,Eilat,29.9403,34.9358,http://services.faa.gov/airport/status/?format=application/xml
MLA,Luqa Airport,MT-25,Luqa,35.8575,14.4775,http://services.faa.gov/airport/status/?format=application/xml
VIE,Vienna International Airport,AT-9,Vienna,48.1103,16.5697,http://services.faa.gov/airport/status/?format=application/xml
FAO,Faro Airport,PT-08,Faro,37.0144,-7.9659,http://services.faa.gov/airport/status/?format=application/xml
OPO,Francisco de Sa Carneiro Airport,PT-13,Porto,41.2481,-8.6814,http://services.faa.gov/airport/status/?format=application/xml
LIS,Lisbon Portela Airport,PT-11,Lisbon,38.7813,-9.1359,http://services.faa.gov/airport/status/?format=application/xml
SJJ,Sarajevo International Airport,BA-BIH,Sarajevo,43.8246,18.3315,http://services.faa.gov/airport/status/?format=application/xml
OTP,Henri Coanda International Airport,RO-B,Bucharest,44.5722,26.1022,http://services.faa.gov/airport/status/?format=application/xml
GVA,Geneva Cointrin International Airport,CH-GE,Geneva,46.2381,6.109,http://services.faa.gov/airport/status/?format=application/xml
ZRH,Zurich Airport,CH-ZH,Zurich,47.4647,8.5492,http://services.faa.gov/airport/status/?format=application/xml
ESB,Esenboga International Airport,TR-06,Ankara,40.1281,32.9951,http://services.faa.gov/airport/status/?format=application/xml
ADA,Adana Airport,TR-01,Adana,36.9822,35.2804,http://services.faa.gov/airport/status/?format=application/xml
AYT,Antalya International Airport,TR-07,Antalya,36.8987,30.8005,http://services.faa.gov/airport/status/?format=application/xml
GZT,Gaziantep International Airport,TR-27,Gaziantep,36.9472,37.4787,http://services.faa.gov/airport/status/?format=application/xml
NAV,Nevsehir Kapadokya International Airport,TR-50,Nevsehir,38.7719,34.5345,http://services.faa.gov/airport/status/?format=application/xml
IST,Ataturk International Airport,TR-34,Istanbul,40.9769,28.8146,http://services.faa.gov/airport/status/?format=application/xml
ADB,Adnan Menderes International Airport,TR-35,Izmir,38.2924,27.157,http://services.faa.gov/airport/status/?format=application/xml
DLM,Dalaman International Airport,TR-48,Dalaman,36.7131,28.7925,http://services.faa.gov/airport/status/?format=application/xml
ERZ,Erzurum International Airport,TR-25,Erzurum,39.9565,41.1702,http://services.faa.gov/airport/status/?format=application/xml
TZX,Trabzon International Airport,TR-61,Trabzon,40.9951,39.7897,http://services.faa.gov/airport/status/?format=application/xml
ISE,Suleyman Demirel International Airport,TR-32,Isparta,37.8554,30.3684,http://services.faa.gov/airport/status/?format=application/xml
BJV,Milas Bodrum International Airport,TR-48,Bodrum,37.2506,27.6643,http://services.faa.gov/airport/status/?format=application/xml
SAW,Sabiha Gokcen International Airport,TR-34,Istanbul,40.8986,29.3092,http://services.faa.gov/airport/status/?format=application/xml
BEG,Belgrade Nikola Tesla Airport,RS-00,Belgrad,44.8184,20.3091,http://services.faa.gov/airport/status/?format=application/xml
TGD,Podgorica Airport,ME-16,Podgorica,42.3594,19.2519,http://services.faa.gov/airport/status/?format=application/xml
BTS,M. R. Stefanik Airport,SK-BL,Bratislava,48.1702,17.2127,http://services.faa.gov/airport/status/?format=application/xml
SDQ,Las Americas International Airport,DO-01,Santo Domingo,18.4297,-69.6689,http://services.faa.gov/airport/status/?format=application/xml
KIN,Norman Manley International Airport,JM-01,Kingston,17.9357,-76.7875,http://services.faa.gov/airport/status/?format=application/xml
ACA,General Juan N Alvarez International Airport,MX-GRO,Acapulco,16.7571,-99.754,http://services.faa.gov/airport/status/?format=application/xml
GDL,Don Miguel Hidalgo Y Costilla International Airport,MX-JAL,Guadalajara,20.5218,-103.311,http://services.faa.gov/airport/status/?format=application/xml
MEX,Licenciado Benito Juarez International Airport,MX-DIF,Mexico City,19.4363,-99.0721,http://services.faa.gov/airport/status/?format=application/xml
MTY,General Mariano Escobedo International Airport,MX-NLE,Monterrey,25.7785,-100.107,http://services.faa.gov/airport/status/?format=application/xml
PVR,Licenciado Gustavo Diaz Ordaz International Airport,MX-JAL,Puerto Vallarta,20.6801,-105.254,http://services.faa.gov/airport/status/?format=application/xml
SJD,Los Cabos International Airport,MX-BCS,San Jose del Cabo,23.1518,-109.721,http://services.faa.gov/airport/status/?format=application/xml
TIJ,General Abelardo L. Rodriguez International Airport,MX-BCN,Tijuana,32.5411,-116.97,http://services.faa.gov/airport/status/?format=application/xml
CUN,Cancun International Airport,MX-ROO,Cancun,21.0365,-86.8771,http://services.faa.gov/airport/status/?format=application/xml
HAV,Jose Marti International Airport,CU-03,Havana,22.9892,-82.4091,http://services.faa.gov/airport/status/?format=application/xml
VRA,Juan Gualberto Gomez International Airport,CU-04,Varadero,23.0344,-81.4353,http://services.faa.gov/airport/status/?format=application/xml
GCM,Owen Roberts International Airport,KY-U-A,Georgetown,19.2928,-81.3577,http://services.faa.gov/airport/status/?format=application/xml
NAS,Lynden Pindling International Airport,BS-NP,Nassau,25.039,-77.4662,http://services.faa.gov/airport/status/?format=application/xml
BZE,Philip S. W. Goldson International Airport,BZ-BZ,Belize City,17.5391,-88.3082,http://services.faa.gov/airport/status/?format=application/xml
AKL,Auckland International Airport,NZ-AUK,Auckland,-37.0081,174.792,http://services.faa.gov/airport/status/?format=application/xml
CHC,Christchurch International Airport,NZ-CAN,Christchurch,-43.4894,172.532,http://services.faa.gov/airport/status/?format=application/xml
WLG,Wellington International Airport,NZ-WGN,Wellington,-41.3272,174.805,http://services.faa.gov/airport/status/?format=application/xml
BAH,Bahrain International Airport,BH-15,Manama,26.2708,50.6336,http://services.faa.gov/airport/status/?format=application/xml
DMM,King Fahd International Airport,SA-04,Ad Dammam,26.4712,49.7979,http://services.faa.gov/airport/status/?format=application/xml
DHA,King Abdulaziz Air Base,SA-04,Dhahran ,26.2654,50.152,http://services.faa.gov/airport/status/?format=application/xml
JED,King Abdulaziz International Airport,SA-02,Jeddah,21.6796,39.1565,http://services.faa.gov/airport/status/?format=application/xml
MED,Prince Mohammad Bin Abdulaziz Airport,SA-03,Medina,24.5534,39.7051,http://services.faa.gov/airport/status/?format=application/xml
RUH,King Khaled International Airport,SA-01,Riyadh,24.9576,46.6988,http://services.faa.gov/airport/status/?format=application/xml
IKA,Imam Khomeini International Airport,IR-07,Tehran,35.4161,51.1522,http://services.faa.gov/airport/status/?format=application/xml
THR,Mehrabad International Airport,IR-07,Tehran,35.6892,51.3134,http://services.faa.gov/airport/status/?format=application/xml
MHD,Mashhad International Airport,IR-30,Mashhad,36.2352,59.641,http://services.faa.gov/airport/status/?format=application/xml
SYZ,Shiraz Shahid Dastghaib International Airport,IR-14,Shiraz,29.5392,52.5898,http://services.faa.gov/airport/status/?format=application/xml
TBZ,Tabriz International Airport,IR-01,Tabriz,38.1339,46.235,http://services.faa.gov/airport/status/?format=application/xml
AMM,Queen Alia International Airport,JO-AM,Amman,31.7226,35.9932,http://services.faa.gov/airport/status/?format=application/xml
KWI,Kuwait International Airport,KW-FA,Kuwait City,29.2266,47.9689,http://services.faa.gov/airport/status/?format=application/xml
BEY,Beirut Rafic Hariri International Airport,LB-JL,Beirut,33.8209,35.4884,http://services.faa.gov/airport/status/?format=application/xml
AUH,Abu Dhabi International Airport,AE-AZ,Abu Dhabi,24.433,54.6511,http://services.faa.gov/airport/status/?format=application/xml
DXB,Dubai International Airport,AE-DU,Dubai,25.2528,55.3644,http://services.faa.gov/airport/status/?format=application/xml
SHJ,Sharjah International Airport,AE-SH,Sharjah,25.3286,55.5172,http://services.faa.gov/airport/status/?format=application/xml
MCT,Muscat International Airport,OM-MA,Muscat,23.5933,58.2844,http://services.faa.gov/airport/status/?format=application/xml
ISB,Benazir Bhutto International Airport,PK-IS,Islamabad,33.6167,73.0992,http://services.faa.gov/airport/status/?format=application/xml
SDA,Baghdad International Airport,IQ-BG,Baghdad,33.2625,44.2346,http://services.faa.gov/airport/status/?format=application/xml
BSR,Basrah International Airport,IQ-BA,Basrah,30.5491,47.6621,http://services.faa.gov/airport/status/?format=application/xml
ALP,Aleppo International Airport,SY-HL,Aleppo,36.1807,37.2244,http://services.faa.gov/airport/status/?format=application/xml
DAM,Damascus International Airport,SY-DI,Damascus,33.4115,36.5156,http://services.faa.gov/airport/status/?format=application/xml
LTK,Bassel Al-Assad International Airport,SY-LA,Latakia,35.4011,35.9487,http://services.faa.gov/airport/status/?format=application/xml
DOH,Doha International Airport,QA-DA,Doha,25.2611,51.5651,http://services.faa.gov/airport/status/?format=application/xml
FAI,Fairbanks International Airport,AK,Fairbanks,64.8151,-147.856,http://services.faa.gov/airport/status/FAI?format=application/xml
ANC,Ted Stevens Anchorage International Airport,AK,Anchorage,61.1744,-149.996,http://services.faa.gov/airport/status/ANC?format=application/xml
HNL,Honolulu International Airport,HI,Honolulu,21.3187,-157.922,http://services.faa.gov/airport/status/HNL?format=application/xml
KNH,Kinmen Airport,TW-X-KM,Shang-I,24.4279,118.359,http://services.faa.gov/airport/status/?format=application/xml
KHH,Kaohsiung International Airport,TW-KHH,Kaohsiung City,22.5771,120.35,http://services.faa.gov/airport/status/?format=application/xml
TPE,Taiwan Taoyuan International Airport,TW-TAO,Taipei,25.0777,121.233,http://services.faa.gov/airport/status/?format=application/xml
NRT,Narita International Airport,JP-12,Tokyo,35.7647,140.386,http://services.faa.gov/airport/status/?format=application/xml
KIX,Kansai International Airport,JP-27,Osaka,34.4273,135.244,http://services.faa.gov/airport/status/?format=application/xml
CTS,New Chitose Airport,JP-01,Chitose / Tomakomai,42.7752,141.692,http://services.faa.gov/airport/status/?format=application/xml
FUK,Fukuoka Airport,JP-40,Fukuoka,33.5859,130.451,http://services.faa.gov/airport/status/?format=application/xml
KOJ,Kagoshima Airport,JP-46,Kagoshima,31.8034,130.719,http://services.faa.gov/airport/status/?format=application/xml
NGO,Chubu Centrair International Airport,JP-23,Tokoname,34.8584,136.805,http://services.faa.gov/airport/status/?format=application/xml
ITM,Osaka International Airport,JP-27,Osaka,34.7855,135.438,http://services.faa.gov/airport/status/?format=application/xml
HND,Tokyo International Airport,JP-13,Tokyo,35.5523,139.78,http://services.faa.gov/airport/status/?format=application/xml
OKO,Yokota Air Base,JP-13,Fussa,35.7485,139.348,http://services.faa.gov/airport/status/?format=application/xml
KUV,Kunsan Air Base,KR-45,Kunsan,35.9038,126.616,http://services.faa.gov/airport/status/?format=application/xml
CJU,Jeju International Airport,KR-49,Jeju City,33.5113,126.493,http://services.faa.gov/airport/status/?format=application/xml
PUS,Gimhae International Airport,KR-48,Busan,35.1795,128.938,http://services.faa.gov/airport/status/?format=application/xml
ICN,Incheon International Airport,KR-28,Seoul,37.4691,126.451,http://services.faa.gov/airport/status/?format=application/xml
OSN,Osan Air Base,KR-41,Pyeongtaek,37.0906,127.03,http://services.faa.gov/airport/status/?format=application/xml
GMP,Gimpo International Airport,KR-41,Seoul,37.5583,126.791,http://services.faa.gov/airport/status/?format=application/xml
CJJ,Cheongju International Airport,KR-43,Cheongju,36.7166,127.499,http://services.faa.gov/airport/status/?format=application/xml
OKA,Naha Airport,JP-47,Naha,26.1958,127.646,http://services.faa.gov/airport/status/?format=application/xml
DNA,Kadena Air Base,JP-47,Okinawa,26.3556,127.768,http://services.faa.gov/airport/status/?format=application/xml
CRK,Diosdado Macapagal International Airport,PH-PAM,Angeles City,15.186,120.56,http://services.faa.gov/airport/status/?format=application/xml
MNL,Ninoy Aquino International Airport,PH-RIZ,Manila,14.5086,121.02,http://services.faa.gov/airport/status/?format=application/xml
DVO,Francisco Bangoy International Airport,PH-DAV,Davao City,7.1255,125.646,http://services.faa.gov/airport/status/?format=application/xml
CEB,Mactan Cebu International Airport,PH-CEB,Lapu-Lapu City,10.3075,123.979,http://services.faa.gov/airport/status/?format=application/xml
GRV,Grozny North Airport,RU-CE,Grozny,43.3883,45.6986,http://services.faa.gov/airport/status/?format=application/xml
EZE,Ministro Pistarini International Airport,AR-B,Ezeiza,-34.8222,-58.5358,http://services.faa.gov/airport/status/EZE?format=application/xml
BSB,Presidente Juscelino Kubistschek International Airport,BR-DF,Brasilia,-15.8692,-47.9208,http://services.faa.gov/airport/status/?format=application/xml
CNF,Tancredo Neves International Airport,BR-MG,Belo Horizonte,-19.6244,-43.9719,http://services.faa.gov/airport/status/?format=application/xml
FLN,Hercilio Luz International Airport,BR-SC,Florianopolis,-27.6703,-48.5525,http://services.faa.gov/airport/status/?format=application/xml
GIG,Galeao - Antonio Carlos Jobim International Airport,BR-RJ,Rio De Janeiro,-22.81,-43.2506,http://services.faa.gov/airport/status/?format=application/xml
GRU,Guarulhos - Governador Andre Franco Montoro International Airport,BR-SP,Sao Paulo,-23.4356,-46.4731,http://services.faa.gov/airport/status/?format=application/xml
CGH,Congonhas Airport,BR-SP,Sao Paulo,-23.6261,-46.6564,http://services.faa.gov/airport/status/?format=application/xml
SCL,Comodoro Arturo Merino Benitez International Airport,CL-RM,Santiago,-33.393,-70.7858,http://services.faa.gov/airport/status/?format=application/xml
BOG,El Dorado International Airport,CO-CUN,Bogota,4.7016,-74.1469,http://services.faa.gov/airport/status/BOG?format=application/xml
LIM,Jorge Chavez International Airport,PE-LIM,Lima,-12.0219,-77.1143,http://services.faa.gov/airport/status/?format=application/xml
CUZ,Alejandro Velasco Astete International Airport,PE-CUS,Cusco,-13.5357,-71.9388,http://services.faa.gov/airport/status/?format=application/xml
MVD,Carrasco International /General C L Berisso Airport,UY-MO,Montevideo,-34.8384,-56.0308,http://services.faa.gov/airport/status/?format=application/xml
SJU,Luis Munoz Marin International Airport,PR-U-A,San Juan,18.4394,-66.0018,http://services.faa.gov/airport/status/SJU?format=application/xml
NBE,Enfidha Zine El Abidine Ben Ali International Airport,TN-51,Enfidha,36.0758,10.4386,http://services.faa.gov/airport/status/?format=application/xml
SXM,Princess Juliana International Airport,AN-U-A,Saint Martin,18.041,-63.1089,http://services.faa.gov/airport/status/?format=application/xml
ALA,Almaty Airport,KZ-ALM,Almaty,43.3521,77.0405,http://services.faa.gov/airport/status/?format=application/xml
TSE,Astana International Airport,KZ-AKM,Astana,51.0222,71.4669,http://services.faa.gov/airport/status/?format=application/xml
FRU,Manas International Airport,KG-C,Bishkek,43.0613,74.4776,http://services.faa.gov/airport/status/?format=application/xml
KGF,Sary-Arka Airport,KZ-KAR,Karaganda,49.6708,73.3344,http://services.faa.gov/airport/status/?format=application/xml
GYD,Heydar Aliyev International Airport,AZ-BA,Baku,40.4675,50.0467,http://services.faa.gov/airport/status/?format=application/xml
EVN,Zvartnots International Airport,AM-ER,Yerevan,40.1473,44.3959,http://services.faa.gov/airport/status/?format=application/xml
TBS,Tbilisi International Airport,GE-TB,Tbilisi,41.6692,44.9547,http://services.faa.gov/airport/status/?format=application/xml
KBP,Boryspil International Airport,UA-32,Kiev,50.345,30.8947,http://services.faa.gov/airport/status/?format=application/xml
DOK,Donetsk International Airport,UA-14,Donetsk,48.0736,37.7397,http://services.faa.gov/airport/status/?format=application/xml
SIP,Simferopol International Airport,UA-43,Simferopol,45.0522,33.9751,http://services.faa.gov/airport/status/?format=application/xml
HRK,Kharkiv International Airport,UA-63,Kharkiv,49.9248,36.29,http://services.faa.gov/airport/status/?format=application/xml
ODS,Odessa International Airport,UA-51,Odessa,46.4268,30.6765,http://services.faa.gov/airport/status/?format=application/xml
LED,Pulkovo Airport,RU-SPE,St. Petersburg,59.8003,30.2625,http://services.faa.gov/airport/status/?format=application/xml
MSQ,Minsk International Airport,BY-MI,Minsk,53.8825,28.0307,http://services.faa.gov/airport/status/?format=application/xml
KJA,Yemelyanovo Airport,RU-KYA,Krasnoyarsk,56.1729,92.4933,http://services.faa.gov/airport/status/?format=application/xml
AER,Sochi International Airport,RU-KDA,Sochi,43.4499,39.9566,http://services.faa.gov/airport/status/?format=application/xml
SVX,Koltsovo Airport,RU-SVE,Yekaterinburg,56.7431,60.8027,http://services.faa.gov/airport/status/?format=application/xml
TAS,Tashkent South Airport,UZ-TO,Tashkent,41.2579,69.2812,http://services.faa.gov/airport/status/?format=application/xml
DME,Domodedovo International Airport,RU-MOS,Moscow,55.4088,37.9063,http://services.faa.gov/airport/status/?format=application/xml
SVO,Sheremetyevo International Airport,RU-MOS,Moscow,55.9726,37.4146,http://services.faa.gov/airport/status/?format=application/xml
UFA,Ufa International Airport,RU-BA,Ufa,54.5575,55.8744,http://services.faa.gov/airport/status/?format=application/xml
KUF,Kurumoch International Airport,RU-SAM,Samara,53.5049,50.1643,http://services.faa.gov/airport/status/?format=application/xml
BOM,Chhatrapati Shivaji International Airport,IN-MM,Mumbai,19.0887,72.8679,http://services.faa.gov/airport/status/?format=application/xml
GOI,Dabolim Airport,IN-GA,Vasco da Gama,15.3808,73.8314,http://services.faa.gov/airport/status/?format=application/xml
CMB,Bandaranaike International Colombo Airport,LK-1,Colombo,7.1808,79.8841,http://services.faa.gov/airport/status/?format=application/xml
PNH,Phnom Penh International Airport,KH-8,Phnom Penh,11.5466,104.844,http://services.faa.gov/airport/status/?format=application/xml
REP,Angkor International Airport,KH-17,Siem Reap,13.4107,103.813,http://services.faa.gov/airport/status/?format=application/xml
CCU,Netaji Subhash Chandra Bose International Airport,IN-WB,Kolkata,22.6547,88.4467,http://services.faa.gov/airport/status/?format=application/xml
HKG,Chek Lap Kok International Airport,HK-U-A,Hong Kong,22.3089,113.915,http://services.faa.gov/airport/status/?format=application/xml
DEL,Indira Gandhi International Airport,IN-DL,New Delhi,28.5665,77.1031,http://services.faa.gov/airport/status/?format=application/xml
MFM,Macau International Airport,MO-U-A,Taipa,22.1496,113.592,http://services.faa.gov/airport/status/?format=application/xml
BLR,Bengaluru International Airport,IN-KA,Bangalore,13.1979,77.7063,http://services.faa.gov/airport/status/?format=application/xml
HYD,Rajiv Gandhi International Airport,IN-AP,Hyderabad,17.2313,78.4299,http://services.faa.gov/airport/status/?format=application/xml
MAA,Chennai International Airport,IN-TN,Chennai,12.99,80.1693,http://services.faa.gov/airport/status/?format=application/xml
HYD,Rajiv Gandhi Airport,IN-AP,Hyderabad,14.1493,77.7911,http://services.faa.gov/airport/status/?format=application/xml
MLE,Male International Airport,MV-MLE,Male,4.1918,73.5291,http://services.faa.gov/airport/status/?format=application/xml
DMK,Don Mueang International Airport,TH-10,Bangkok,13.9126,100.607,http://services.faa.gov/airport/status/?format=application/xml
BKK,Suvarnabhumi Airport,TH-10,Bangkok,13.6811,100.747,http://services.faa.gov/airport/status/?format=application/xml
CNX,Chiang Mai International Airport,TH-50,Chiang Mai,18.7668,98.9626,http://services.faa.gov/airport/status/?format=application/xml
DAD,Da Nang International Airport,VN-60,Da Nang,16.0439,108.199,http://services.faa.gov/airport/status/?format=application/xml
HAN,Noi Bai International Airport,VN-15,Hanoi,21.2212,105.807,http://services.faa.gov/airport/status/?format=application/xml
SGN,Tan Son Nhat International Airport,VN-23,Ho Chi Minh City,10.8188,106.652,http://services.faa.gov/airport/status/?format=application/xml
MDL,Mandalay International Airport,MM-04,Mandalay,21.7022,95.9779,http://services.faa.gov/airport/status/?format=application/xml
RGN,Yangon International Airport,MM-06,Yangon,16.9073,96.1332,http://services.faa.gov/airport/status/?format=application/xml
UPG,Hasanuddin International Airport,ID-SN,Ujung Pandang-Celebes Island,-5.0616,119.554,http://services.faa.gov/airport/status/?format=application/xml
DPS,Ngurah Rai (Bali) International Airport,ID-BA,Denpasar-Bali Island,-8.7482,115.167,http://services.faa.gov/airport/status/?format=application/xml
SUB,Juanda International Airport,ID-JI,Surabaya,-7.3798,112.787,http://services.faa.gov/airport/status/?format=application/xml
BWN,Brunei International Airport,BN-BM,Bandar Seri Begawan,4.9442,114.928,http://services.faa.gov/airport/status/?format=application/xml
CGK,Soekarno-Hatta International Airport,ID-JK,Jakarta,-6.1256,106.656,http://services.faa.gov/airport/status/?format=application/xml
KUL,Kuala Lumpur International Airport,MY-14,Kuala Lumpur,2.7456,101.71,http://services.faa.gov/airport/status/?format=application/xml
SIN,Singapore Changi International Airport,SG-04,Singapore,1.3502,103.994,http://services.faa.gov/airport/status/?format=application/xml
BNE,Brisbane International Airport,AU-QLD,Brisbane,-27.3842,153.117,http://services.faa.gov/airport/status/?format=application/xml
MEL,Melbourne International Airport,AU-VIC,Melbourne,-37.6733,144.843,http://services.faa.gov/airport/status/?format=application/xml
PER,Perth International Airport,AU-WA,Perth,-31.9403,115.967,http://services.faa.gov/airport/status/?format=application/xml
CBR,Canberra International Airport,AU-ACT,Canberra,-35.3069,149.195,http://services.faa.gov/airport/status/?format=application/xml
SYD,Sydney Kingsford Smith International Airport,AU-NSW,Sydney,-33.9461,151.177,http://services.faa.gov/airport/status/?format=application/xml
PEK,Beijing Capital International Airport,CN-11,Beijing,40.0801,116.585,http://services.faa.gov/airport/status/?format=application/xml
NAY,Beijing Nanyuan Airport,CN-11,Beijing,39.7828,116.388,http://services.faa.gov/airport/status/?format=application/xml
TSN,Tianjin Binhai International Airport,CN-12,Tianjin,39.1244,117.346,http://services.faa.gov/airport/status/?format=application/xml
TYN,Taiyuan Wusu Airport,CN-14,Taiyuan,37.7469,112.628,http://services.faa.gov/airport/status/?format=application/xml
CAN,Guangzhou Baiyun International Airport,CN-44,Guangzhou,23.3924,113.299,http://services.faa.gov/airport/status/?format=application/xml
CSX,Changsha Huanghua Airport,CN-43,Changsha,28.1892,113.22,http://services.faa.gov/airport/status/?format=application/xml
KWL,Guilin Liangjiang International Airport,CN-45,Guilin City,25.2181,110.039,http://services.faa.gov/airport/status/?format=application/xml
NNG,Nanning Wuxu Airport,CN-45,Nanning,22.6083,108.172,http://services.faa.gov/airport/status/?format=application/xml
SZX,Shenzhen Bao'an International Airport,CN-44,Shenzhen,22.6393,113.811,http://services.faa.gov/airport/status/?format=application/xml
CGO,Xinzheng Airport,CN-41,Zhengzhou,34.5197,113.841,http://services.faa.gov/airport/status/?format=application/xml
WUH,Wuhan Tianhe International Airport,CN-42,Wuhan,30.7838,114.208,http://services.faa.gov/airport/status/?format=application/xml
HAK,Haikou Meilan International Airport,CN-46,Haikou,19.9349,110.459,http://services.faa.gov/airport/status/?format=application/xml
SYX,Sanya Phoenix International Airport,CN-46,Sanya,18.3029,109.412,http://services.faa.gov/airport/status/?format=application/xml
XIY,Xi'an Xianyang International Airport,CN-61,Xianyang,34.4471,108.752,http://services.faa.gov/airport/status/?format=application/xml
KMG,Kunming Wujiaba International Airport,CN-53,Kunming,24.9924,102.744,http://services.faa.gov/airport/status/?format=application/xml
XMN,Xiamen Gaoqi International Airport,CN-35,Xiamen,24.544,118.128,http://services.faa.gov/airport/status/?format=application/xml
FOC,Fuzhou Changle International Airport,CN-35,Fuzhou,25.9351,119.663,http://services.faa.gov/airport/status/?format=application/xml
HGH,Hangzhou Xiaoshan International Airport,CN-33,Hangzhou,30.2295,120.434,http://services.faa.gov/airport/status/?format=application/xml
TNA,Yaoqiang Airport,CN-37,Jinan,36.8572,117.216,http://services.faa.gov/airport/status/?format=application/xml
NGB,Ningbo Lishe International Airport,CN-33,Ningbo,29.8267,121.462,http://services.faa.gov/airport/status/?format=application/xml
NKG,Nanjing Lukou Airport,CN-32,Nanjing,31.742,118.862,http://services.faa.gov/airport/status/?format=application/xml
PVG,Shanghai Pudong International Airport,CN-31,Shanghai,31.1434,121.805,http://services.faa.gov/airport/status/?format=application/xml
SHA,Shanghai Hongqiao International Airport,CN-31,Shanghai,31.1979,121.336,http://services.faa.gov/airport/status/?format=application/xml
WNZ,Wenzhou Yongqiang Airport,CN-33,Wenzhou,27.9122,120.852,http://services.faa.gov/airport/status/?format=application/xml
CKG,Chongqing Jiangbei International Airport,CN-50,Chongqing,29.7192,106.642,http://services.faa.gov/airport/status/?format=application/xml
KWE,Longdongbao Airport,CN-52,Guiyang,26.5385,106.801,http://services.faa.gov/airport/status/?format=application/xml
CTU,Chengdu Shuangliu International Airport,CN-51,Chengdu,30.5785,103.947,http://services.faa.gov/airport/status/?format=application/xml
URC,Urumqi Diwopu International Airport,CN-65,Urumqi,43.9071,87.4742,http://services.faa.gov/airport/status/?format=application/xml
HRB,Taiping Airport,CN-23,Harbin,45.6234,126.25,http://services.faa.gov/airport/status/?format=application/xml
DLC,Zhoushuizi Airport,CN-21,Dalian,38.9657,121.539,http://services.faa.gov/airport/status/?format=application/xml
SHE,Taoxian Airport,CN-21,Shenyang,41.6398,123.483,http://services.faa.gov/airport/status/?format=application/xml
